ID,poNumber,title,description,vendor_ID,contract_ID,poStatus_code,orderDate,deliveryDate,invoiceDate,spendCategory_code,currency_code,grossAmount,netAmount,taxAmount,discountAmount,paymentTerms,businessUnit,department,costCenter,requesterName,requesterEmail,approverName,approvalDate,isCatalogPurchase,isPreferredVendor,maverickFlag,maverickScore,maverickReason_code,createdAt,createdBy,modifiedAt,modifiedBy
PO001,PO-2025-001,Laptop Purchase,Standard laptop procurement,V001,CT001,APPROVED,2025-02-01,2025-02-10,2025-02-12,IT,INR,120000,120000,0,0,Net30,Technology,IT,C1001,Rahul Sharma,rahul.sharma@company.com,Amit Verma,2025-02-02,true,true,false,0,,2025-02-01T10:00:00Z,admin,2025-02-01T10:00:00Z,admin
PO002,PO-2025-002,Monitor Purchase,Office monitors,V001,CT002,APPROVED,2025-02-03,2025-02-12,2025-02-14,IT,INR,95000,95000,0,0,Net30,Technology,IT,C1002,Priya Nair,priya.nair@company.com,Amit Verma,2025-02-04,true,true,false,0,,2025-02-03T10:00:00Z,admin,2025-02-03T10:00:00Z,admin
PO003,PO-2025-003,Furniture Order,Office chairs,V002,CT003,APPROVED,2025-02-05,2025-02-15,2025-02-18,ADMIN,INR,80000,80000,0,0,Net45,Admin,Facilities,C2001,Arun Das,arun.das@company.com,Kiran Rao,2025-02-06,true,false,true,30,NON_PREFERRED_VENDOR,2025-02-05T10:00:00Z,admin,2025-02-05T10:00:00Z,admin
PO004,PO-2025-004,Printer Order,Laser printers,V003,CT004,APPROVED,2025-02-06,2025-02-14,2025-02-17,IT,INR,70000,70000,0,0,Net30,Technology,IT,C1003,Sneha Shah,sneha.shah@company.com,Amit Verma,2025-02-07,true,true,false,0,,2025-02-06T10:00:00Z,admin,2025-02-06T10:00:00Z,admin
PO005,PO-2025-005,Networking Devices,Switch purchase,V001,CT005,APPROVED,2025-02-07,2025-02-17,2025-02-20,IT,INR,110000,110000,0,0,Net30,Technology,IT,C1004,Rohit Jain,rohit.jain@company.com,Amit Verma,2025-02-08,true,true,false,0,,2025-02-07T10:00:00Z,admin,2025-02-07T10:00:00Z,admin
PO006,PO-2025-006,Software Licenses,License renewal,V004,CT006,APPROVED,2025-02-08,2025-02-08,2025-02-10,IT,INR,150000,150000,0,0,Net15,Technology,IT,C1005,Nikhil Sharma,nikhil.sharma@company.com,Amit Verma,2025-02-08,true,true,false,0,,2025-02-08T10:00:00Z,admin,2025-02-08T10:00:00Z,admin
PO007,PO-2025-007,Security Service,Monthly billing,V005,CT007,APPROVED,2025-02-01,2025-02-28,2025-03-01,ADMIN,INR,200000,200000,0,0,Net30,Admin,Security,C2002,Kiran Das,kiran.das@company.com,Sunil Rao,2025-02-02,false,false,true,45,NO_CONTRACT,2025-02-01T10:00:00Z,admin,2025-02-01T10:00:00Z,admin
PO008,PO-2025-008,Housekeeping Services,Facility cleaning,V006,CT008,APPROVED,2025-02-09,2025-02-28,2025-03-01,ADMIN,INR,130000,130000,0,0,Net30,Admin,Facilities,C2003,Meena Iyer,meena.iyer@company.com,Kiran Rao,2025-02-09,false,false,true,30,NON_PREFERRED_VENDOR,2025-02-09T10:00:00Z,admin,2025-02-09T10:00:00Z,admin
PO009,PO-2025-009,Cloud Usage,Cloud billing,V007,CT009,APPROVED,2025-02-10,2025-02-28,2025-03-01,IT,INR,250000,250000,0,0,Net15,Technology,Cloud,C1006,Rohit Nair,rohit.nair@company.com,Amit Verma,2025-02-10,false,true,false,0,,2025-02-10T10:00:00Z,admin,2025-02-10T10:00:00Z,admin
PO010,PO-2025-010,Consulting Work,Project consulting,V008,CT010,APPROVED,2025-02-12,2025-02-25,2025-02-28,IT,INR,180000,180000,0,0,Net30,Technology,IT,C1007,Sneha Gupta,sneha.gupta@company.com,Amit Verma,2025-02-12,false,false,true,30,NON_PREFERRED_VENDOR,2025-02-12T10:00:00Z,admin,2025-02-12T10:00:00Z,admin
PO011,PO-2025-011,Stationery Supplies,Office items,V009,CT011,APPROVED,2025-02-13,2025-02-20,2025-02-22,ADMIN,INR,25000,25000,0,0,Net30,Admin,Procurement,C2004,Arun Shah,arun.shah@company.com,Kiran Rao,2025-02-14,true,true,false,0,,2025-02-13T10:00:00Z,admin,2025-02-13T10:00:00Z,admin
PO012,PO-2025-012,Catering Services,Cafeteria support,V010,CT012,APPROVED,2025-02-15,2025-02-28,2025-03-01,ADMIN,INR,90000,90000,0,0,Net30,Admin,HR,C2005,Neha Kapoor,neha.kapoor@company.com,Kiran Rao,2025-02-16,false,false,true,35,NON_PREFERRED_VENDOR,2025-02-15T10:00:00Z,admin,2025-02-15T10:00:00Z,admin
PO013,PO-2025-013,Transport Services,Employee transport,V011,CT013,APPROVED,2025-02-16,2025-02-28,2025-03-01,ADMIN,INR,140000,140000,0,0,Net30,Admin,HR,C2006,Ajay Mehta,ajay.mehta@company.com,Kiran Rao,2025-02-16,false,false,true,30,NON_PREFERRED_VENDOR,2025-02-16T10:00:00Z,admin,2025-02-16T10:00:00Z,admin
PO014,PO-2025-014,Infra Support,Data center support,V007,CT014,APPROVED,2025-02-17,2025-02-28,2025-03-02,IT,INR,210000,210000,0,0,Net30,Technology,Infra,C1008,Deepak Rao,deepak.rao@company.com,Amit Verma,2025-02-17,false,true,false,0,,2025-02-17T10:00:00Z,admin,2025-02-17T10:00:00Z,admin
PO015,PO-2025-015,Audit Services,Annual audit,V012,CT015,APPROVED,2025-02-18,2025-03-01,2025-03-02,FIN,INR,95000,95000,0,0,Net30,Finance,Audit,C3001,Kavita Jain,kavita.jain@company.com,Rahul Bansal,2025-02-18,false,true,false,0,,2025-02-18T10:00:00Z,admin,2025-02-18T10:00:00Z,admin
PO016,PO-2025-016,Legal Services,Corporate legal,V013,CT016,APPROVED,2025-02-19,2025-03-05,2025-03-06,FIN,INR,105000,105000,0,0,Net30,Finance,Legal,C3002,Rahul Bansal,rahul.bansal@company.com,Kavita Jain,2025-02-19,false,true,false,0,,2025-02-19T10:00:00Z,admin,2025-02-19T10:00:00Z,admin
PO017,PO-2025-017,Training Program,Employee training,V014,CT017,APPROVED,2025-02-20,2025-03-01,2025-03-02,HR,INR,85000,85000,0,0,Net30,HR,Learning,C4001,Suman Roy,suman.roy@company.com,Neha Kapoor,2025-02-20,false,true,false,0,,2025-02-20T10:00:00Z,admin,2025-02-20T10:00:00Z,admin
PO018,PO-2025-018,Marketing Campaign,Digital marketing,V015,CT018,APPROVED,2025-02-21,2025-03-10,2025-03-12,MKT,INR,175000,175000,0,0,Net30,Marketing,Digital,C5001,Ritu Malhotra,ritu.malhotra@company.com,Rahul Bansal,2025-02-21,false,false,true,40,NON_PREFERRED_VENDOR,2025-02-21T10:00:00Z,admin,2025-02-21T10:00:00Z,admin
PO019,PO-2025-019,Recruitment Support,Hiring services,V016,CT019,APPROVED,2025-02-22,2025-03-05,2025-03-06,HR,INR,125000,125000,0,0,Net30,HR,Talent,C4002,Varun Khanna,varun.khanna@company.com,Neha Kapoor,2025-02-22,false,false,true,35,NON_PREFERRED_VENDOR,2025-02-22T10:00:00Z,admin,2025-02-22T10:00:00Z,admin
PO020,PO-2025-020,AMC Hardware,Annual maintenance,V003,CT020,APPROVED,2025-02-23,2025-03-10,2025-03-12,IT,INR,195000,195000,0,0,Net30,Technology,Support,C1009,Manish Tiwari,manish.tiwari@company.com,Amit Verma,2025-02-23,true,true,false,0,,2025-02-23T10:00:00Z,admin,2025-02-23T10:00:00Z,admin